Name,email,Age,Pref,blood_type
テスト隆司,lxxxxxxxxxxxxxxxxxxxxxxx@xxxxxx.fa,47,三重県,B
テスト照美,txxxxxxxxx@xxxxxxx.isl,51,福井県,A
テスト孝雄,txxxxxxxx@xxxx.vjo,59,東京都,A
テスト博史,hxxxxxxxxx@xxxxx.kd,58,兵庫県,B
テスト邦仁,dxxxxxxxxxxxxxxxxxxxxx@xxxxxxxx.xhi,46,熊本県,AB
テスト敏伸,txxxxxxxxxxxx@xxxxxxxxx.gqm,40,東京都,A
テスト麻世,mxxxxxxx@xxxxx.wf,29,宮城県,O
テスト喜八郎,uxxxx@xxxx.ga,33,佐賀県,A
テスト邦子,kxxxxxxxxx@xxxx.vmx.cw,40,佐賀県,A
テスト祭莉,hxxxxxxxxxxxxxxxxxxxxxxxx@xxxxx.okh,21,鹿児島県,A
テスト海,nxxxxxxxxx@xxxxxxxxxx.vs,29,石川県,B
テスト莉那,rxxxxxxxxxxxxxx@xxxxxx.vv,54,佐賀県,B
テスト百華,mxxxxxxxx@xxxxx.zf,49,埼玉県,B
テスト研治,kxxxxxxxx@xxxxxxxx.uc,45,神奈川県,A
テスト和秀,kxxxxxxxxxxx@xxxxxxxx.bp,54,長崎県,O
テスト矩之,nxxxxxxxxxxx@xxxxxxx.ayq,47,山口県,A
テスト真奈,mxxxxxx@xxxxxxxxxx.qmf.yx,55,鹿児島県,O
テスト重義,sxxxxxxxxxxxxxxx@xxxxxx.usq,36,埼玉県,O
テスト璃奈,rxxxxxxx@xxxxxx.hy,46,高知県,O
テスト光昭,ixxxxx@xxxxxxxxxx.bvyj.uba,47,広島県,A
テスト紫,lxxxxxxxxxxxxxxxxxxxx@xxxxxxx.bek.yl,40,宮崎県,AB
テスト徳三郎,txxxxxxxxxxxxxx@xxxx.hf.fzg,29,宮城県,AB
テスト由紀子,oxxxxxxx@xxxxxxxxx.pmy,30,岐阜県,O
テスト友里,ixxxxxxxx@xxxxx.lfz,41,神奈川県,A
テスト信次,sxxxxxxxxxx@xxxxxxxxxx.uc,43,沖縄県,A
テスト康彦,yxxxxxxxxxxxx@xxxxxxxxxx.nw,58,北海道,A
テスト仁一,jxxxxxxxxxxxx@xxxxx.gbe,47,富山県,A
テスト守友,Mxxxxxxxxxxxxxxxx@xxxx.yj,49,大阪府,B
テスト駿,sxxxxxxx@xxxx.tcm,40,高知県,A
テスト靖彦,yxxxxxxxxxxxx@xxxxxxxx.tqv,55,石川県,A
テスト花恋,kxxxxxxxxxxxxx@xxxxxx.qrx,57,山梨県,A
テスト芳彦,zxxxxxxxxxxxxxxxxxxxxxxxxxx@xxxxxxxxxx.vk,28,静岡県,O
テスト政幸,mxxxxxxxxxxx@xxxxxxxx.ymz,48,岡山県,A
テスト辰二,Txxxxxxxxxxxxxxxx@xxxxxxxxxx.qo,56,香川県,A
テスト結月,Yxxxxxxxxxxxxxxx@xxxxxxx.mg,31,滋賀県,O
テスト翔子,sxxxxxxxx@xxxx.mb,51,北海道,O
テスト尚美,nxxxxxxxxxx@xxxxxxxxxx.emw,24,新潟県,B
テスト健志,txxxxxxxxxxx@xxxxxx.tc.hy,32,兵庫県,A
テスト利吉,gxxxxxxxxxxxxxxxxxxxx@xxxxxxxxxx.qjd,58,愛媛県,A
テスト茂,kxxxxxxxxxxx@xxxx.bpi,32,佐賀県,B
テスト彩芽,axxxxxxxxx@xxxxxxxxx.huhjt.fgu,50,愛知県,A
テスト七緒,nxxxxxxxx@xxxxxx.pq,32,和歌山県,A
テスト帆花,cxxxxxxxxxxxxxxxxxxx@xxxxxxxx.xewg.is,27,佐賀県,A
テスト優空,yxxxxxxxxx@xxxx.ho,33,奈良県,A
テスト志保,sxxxxxxxxx@xxxxxxxxxx.fq,54,秋田県,A
テスト与三郎,uxxxxx@xxxxxx.jf,45,青森県,B
テスト博子,hxxxxxxxx@xxxxxxxxxx.jsu,40,山口県,A
テスト昭彦,xxxxxxxxxxxxxxxxxxxxxxx@xxxxx.bec,33,愛知県,AB
テスト行雄,yxxxxxxxxxxxxx@xxxxxxx.dzxsa.bn,25,新潟県,A
テスト和香,axxxxxx@xxxxxxxxxx.hvis.np,23,香川県,O
テスト衣,mxxxxx@xxxxxxxxxx.abr,57,富山県,A
テスト昭二,sxxxxxxxxxxx@xxxxx.entjq.jg,54,和歌山県,A
テスト美希,mxxxxxxxxxx@xxxx.zra,22,香川県,A
テスト安雄,oxxxxx@xxxxxxx.aeny.kkl,49,島根県,A
テスト絢香,Axxxxxxxxxxx@xxxxx.re,31,佐賀県,A
テスト璃子,rxxxxxxxxxxx@xxxxxxx.fz,37,宮城県,A
テスト美優,Mxxxxxxxxxxxx@xxxxxxxxx.in.fqs,25,東京都,B
テスト秀子,sxxxxxxxxxxxxxxxxxxxxxx@xxxxx.er.nkm,26,島根県,AB
テスト達雄,txxxxxxxxxx@xxxxxxx.blb,46,岡山県,A
テスト力,cxxxxxxxxx@xxxxxx.db,41,岩手県,A
テスト智也,txxxxxxxxxxxxx@xxxxx.uchkh.byd,55,鳥取県,B
テスト守弘,mxxxxxxxxxx@xxxxxxxxx.hb,56,熊本県,A
テスト柚月,yxxxxxxxx@xxxxxxxxxx.et,56,福島県,AB
テスト和,nxxxxxxxxxxxxx@xxxxxxx.va,49,群馬県,O
テスト清信,kxxxxxxxxxxxx@xxxxxxxx.fqm,53,高知県,O
テスト泉,ixxxxxxxx@xxxxxxx.uae,38,富山県,O
テスト怜子,rxxxxxxxxx@xxxxxx.cvp.ev,23,群馬県,O
テスト毅,txxxxxxxxxxxxxx@xxxxxxxxxx.awj,43,京都府,A
テスト萌恵,mxxxxxxx@xxxxxxxxx.yah,23,宮崎県,A
テスト哲夫,txxxxxxxxx@xxxx.mq,33,島根県,A
