Name,email,Age,Pref,blood_type
テスト隆司,lfbyrhxdwwqwtakashi33963@didlbi.fa,47,三重県,B
テスト照美,terumi8526@gtkzgcr.isl,51,福井県,A
テスト孝雄,takao9094@bqsf.vjo,59,東京都,A
テスト博史,hiroshi548@botfa.kd,58,兵庫県,B
テスト邦仁,duka-bnakizkunihito804@msjetucl.xhi,46,熊本県,AB
テスト敏伸,toshinobu8213@tqspgvkkm.gqm,40,東京都,A
テスト麻世,mayo3989@xjmbd.wf,29,宮城県,O
テスト喜八郎,uyabe@jqeb.ga,33,佐賀県,A
テスト邦子,kuniko8162@jyyq.vmx.cw,40,佐賀県,A
テスト祭莉,huthleizhijdodmatsuri2052@jvojz.okh,21,鹿児島県,A
テスト海,nanami1632@wrokarubgk.vs,29,石川県,B
テスト莉那,rina_matsushita@fnhkco.vv,54,佐賀県,B
テスト百華,momoka662@oiaao.zf,49,埼玉県,B
テスト研治,kenji9397@avgnaqcy.uc,45,神奈川県,A
テスト和秀,kazuhide9039@rbjletqb.bp,54,長崎県,O
テスト矩之,noriyuki3799@rtzrawc.ayq,47,山口県,A
テスト真奈,mana769@xahmhcrjwt.qmf.yx,55,鹿児島県,O
テスト重義,shigeyoshiyukawa@hrnlov.usq,36,埼玉県,O
テスト璃奈,rina5970@hmehpf.hy,46,高知県,O
テスト光昭,iezaki@awzlswstwe.bvyj.uba,47,広島県,A
テスト紫,lfd=qkmk-pfnyukari407@iraoqlr.bek.yl,40,宮崎県,AB
テスト徳三郎,tokusaburou4712@ylmy.hf.fzg,29,宮城県,AB
テスト由紀子,ofushimi@aliwtvtua.pmy,30,岐阜県,O
テスト友里,isasagawa@hvcza.lfz,41,神奈川県,A
テスト信次,shinji23700@ojhsviwxdu.uc,43,沖縄県,A
テスト康彦,yasuhiko08421@bfslpladrh.nw,58,北海道,A
テスト仁一,jinichikamiya@iilph.gbe,47,富山県,A
テスト守友,Moritomo_Watanabe@dqnj.yj,49,大阪府,B
テスト駿,shun5949@fhjl.tcm,40,高知県,A
テスト靖彦,yasuhikoakita@tnokkvev.tqv,55,石川県,A
テスト花恋,karenhigashino@mkalqf.qrx,57,山梨県,A
テスト芳彦,zojqnvwaggpfjxvyoshihiko710@anoubyxkvj.vk,28,静岡県,O
テスト政幸,masayuki8501@ilmqxvbq.ymz,48,岡山県,A
テスト辰二,Tatsuji_Kashiwagi@gostgzzbed.qo,56,香川県,A
テスト結月,Yuzuki_Yamagishi@vxafnkm.mg,31,滋賀県,O
テスト翔子,shouko378@hnix.mb,51,北海道,O
テスト尚美,naomi_sawai@hwlvciowox.emw,24,新潟県,B
テスト健志,takeshi_ueda@gmlqlz.tc.hy,32,兵庫県,A
テスト利吉,glxlfuxcrrikichi26723@uovdgwsocu.qjd,58,愛媛県,A
テスト茂,kiyoshi46603@zrce.bpi,32,佐賀県,B
テスト彩芽,ayame00410@ykvlmtdas.huhjt.fgu,50,愛知県,A
テスト七緒,nanao9224@krfwpk.pq,32,和歌山県,A
テスト帆花,cy=zngqdvohhonoka004@yicblnfh.xewg.is,27,佐賀県,A
テスト優空,yurakasuya@ijdf.ho,33,奈良県,A
テスト志保,shiho60860@mvrtrqmoqb.fq,54,秋田県,A
テスト与三郎,uobata@yvgmgf.jf,45,青森県,B
テスト博子,hiroko681@msgyxjzwxg.jsu,40,山口県,A
テスト昭彦,xhupvdgeoutakihiko75169@fxdix.bec,33,愛知県,AB
テスト行雄,yukiomatsubara@mbfxfua.dzxsa.bn,25,新潟県,A
テスト和香,anozawa@daqxjgivlf.hvis.np,23,香川県,O
テスト衣,mei708@pbdfztgmlw.abr,57,富山県,A
テスト昭二,shouji_koike@ttwan.entjq.jg,54,和歌山県,A
テスト美希,miki_funaki@tskg.zra,22,香川県,A
テスト安雄,omaeda@rppovlt.aeny.kkl,49,島根県,A
テスト絢香,Ayaka_Ooniwa@xvdcd.re,31,佐賀県,A
テスト璃子,riko_hiraoka@jcanufw.fz,37,宮城県,A
テスト美優,Miyu_Sasamori@gjuqtmlwp.in.fqs,25,東京都,B
テスト秀子,snyposfq=gchphideko2118@vqgmt.er.nkm,26,島根県,AB
テスト達雄,tatsuo95111@fpavplc.blb,46,岡山県,A
テスト力,chikara889@huzdsw.db,41,岩手県,A
テスト智也,tomoyafukazawa@uxlcp.uchkh.byd,55,鳥取県,B
テスト守弘,morihiro084@xupflafel.hb,56,熊本県,A
テスト柚月,yuzuki685@rvvdadhfps.et,56,福島県,AB
テスト和,nodokaishikawa@amjnrlm.va,49,群馬県,O
テスト清信,kiyonobu92544@wlzanhtv.fqm,53,高知県,O
テスト泉,ifukuhara@uyxavvc.uae,38,富山県,O
テスト怜子,reiko37450@vswumd.cvp.ev,23,群馬県,O
テスト毅,takeshi_yatsuta@qvmaxjialr.awj,43,京都府,A
テスト萌恵,moe13131@qsknystbm.yah,23,宮崎県,A
テスト哲夫,tetsuo4810@prak.mq,33,島根県,A